Subject,Section ID,Question,Verified Findings,Sources,Current Or Effective Dates,Confidence Note,Unverified Gaps,Product Implications,Error
D1,D1,"What is the payment provider landscape for cannabis retail in Michigan and Illinois, including regulations, common solutions, and challenges?","# D1: Payment Provider Landscape in Michigan and Illinois Cannabis Retail

## Illinois Cannabis Payment Landscape

In Illinois, despite the legalization of recreational cannabis in 2019 through legislative measures, federal classification of cannabis as a Schedule I controlled substance significantly impacts payment processing for dispensaries [1]. This federal stance makes traditional financial institutions hesitant to service cannabis businesses due to the risk of federal penalties, including anti-money laundering laws [2]. Consequently, cash remains the primary mode of transaction in Chicago dispensaries, leading to security concerns and administrative burdens related to cash handling, storage, and transportation [2].

To circumvent these challenges, many Illinois dispensaries have adopted **cashless ATM systems**. This workaround allows customers to use debit cards, with transactions processed as ATM withdrawals. However, major card networks like Visa have recently scrutinized and warned against the misuse of cashless ATM transactions, posing a potential risk for dispensaries relying on this method [2].

Digital payment solutions are emerging as compliant alternatives. **Aeropay** is highlighted as a digital payment solution for Illinois dispensaries, facilitating secure bank-to-bank transfers for online orders. This system aims to ease transactions for both adult-use customers and medical cardholders while ensuring compliance with state laws [2]. Specialized payment processors like **Paybotic** also offer solutions for Illinois cannabusinesses, including POS system implementation, banking and financing solutions, loyalty programs, gift cards, and processing debit and eCommerce payments [1].

## Michigan Cannabis Payment Landscape

Michigan has a well-established medical cannabis industry and a rapidly expanding recreational market [3]. The state has taken steps to support financial institutions working with the cannabis industry. **Michigan House Bill 5144** provides state-level protections for financial institutions serving licensed cannabis businesses, encouraging banking relationships by shielding them from state-level penalties [4]. The Michigan Department of Insurance and Financial Services (DIFS) regulates state-chartered banks and credit unions, guiding them on cannabis banking while advising consultation with legal counsel due to complex federal and state laws [4].

Advocacy for federal banking reform, specifically the **SAFE Banking Act**, has gained momentum in Michigan. A coalition including the Michigan Chamber of Commerce and the Attorney General has urged Congress to pass this act, emphasizing the risks of cash-only operations and the limited financial access for cannabis industry workers [4].

Similar to Illinois, specialized payment processors like **Paybotic** offer solutions for Michigan cannabis dispensaries, including banking, gift cards, eCommerce payment processing, eChecks, credit/debit card processing, and secure POS and virtual terminal software [3]. **KindPay** is another Michigan-based company offering credit card processing options for legal provision centers [5].

Payment processing methods vary significantly across different cannabis-related businesses in Michigan:

| Types | Dispensaries | CBD Shops | Hemp Shops |
|---|---|---|---|
| **Credit Card Use** | Not Allowed | Allowed (high-risk fees) | Allowed (normal fees) |
| **Debit Card Use** | Cashless ATMs, ACH | Standard Processing | Standard Processing |
| **Cash Payments** | Common | Less Common | Rare |
| **E-Commerce** | Limited | Available (with restrictions) | Fully Available |
| **Banking Access** | Limited | Moderate | Full |
","[1] Paybotic. ""Cannabis Payment Processing in Illinois."" *Paybotic*, [https://paybotic.com/markets/illinois/](https://paybotic.com/markets/illinois/)
[2] Maribis LLC. ""Chicago Dispensary Payment Options (Explained by the Experts)."" *Maribis LLC*, February 1, 2024, [https://maribisllc.com/chicago-dispensary-payment-options/](https://maribisllc.com/chicago-dispensary-payment-options/)
[3] Paybotic. ""Michigan Cannabis Dispensary Payments Processing."" *Paybotic*, [https://paybotic.com/markets/michigan/](https://paybotic.com/markets/michigan/)
[4] Michigan Cannabis Industry Association. ""Cannabis Business Banking in Michigan."" *MichiganCannabis.org*, [https://michigancannabis.org/business/banking](https://michigancannabis.org/business/banking)
[5] KindPay. ""Cannabis Merchant Service | KindPay | United States."" *KindPayUSA.com*, [https://www.kindpayusa.com/](https://www.kindpayusa.com/)","Maribis LLC article: February 1, 2024. Other sources appear current as of 2024, but specific publication dates are unknown.","High. Information was gathered from multiple industry-specific payment processors and cannabis industry associations, showing consistent reporting on federal restrictions, state-level workarounds, and emerging digital solutions. The data on Michigan's legislative support and specific payment methods is well-documented.","- Detailed fee structures for cashless ATMs and digital payment solutions (e.g., Aeropay, Paybotic) were not explicitly found.
- A comprehensive, exhaustive list of all financial institutions willing to bank cannabis businesses in Michigan and Illinois was not obtained, only representative examples.
- Specific regulatory guidance from Michigan's DIFS or Illinois' IDFPR regarding the legality and acceptable implementation of cashless ATMs or other alternative payment methods beyond general statements.","For Michigan (first market): Tend-O-Matic should prioritize integration with payment solutions that leverage Michigan's state-level protections (House Bill 5144) and are actively supported by local financial institutions. This includes exploring partnerships with banks/credit unions listed as cannabis-friendly and integrating with specialized processors like Paybotic and KindPay. The POS should be designed to handle both cashless ATM/ACH and standard processing for CBD/Hemp, with clear distinctions for compliance. For Illinois (second market): Given the stricter federal enforcement and scrutiny of cashless ATMs, Tend-O-Matic's POS solution for Illinois must prioritize robust integration with digital payment platforms like Aeropay that facilitate bank-to-bank transfers, and be prepared for a cash-heavy environment. The system should offer features to mitigate cash handling risks (e.g., secure cash management modules, integration with armored car services). Compliance monitoring should include alerts for changes in card network policies regarding cashless ATMs. For both markets, the POS must clearly differentiate between payment methods allowed for cannabis vs. CBD/Hemp to ensure compliance and avoid federal penalties. Monitoring for federal legislative changes (e.g., SAFE Banking Act) is crucial, as it could significantly alter the payment landscape.",
D2,D2,"What is the hardware landscape for cannabis dispensary Point-of-Sale (POS) systems, including scanners, receipt printers, cash drawers, kiosks, tablets, and label printers, with a focus on Michigan and Illinois?","The hardware landscape for cannabis dispensary POS systems includes several essential components, often driven by compliance and operational efficiency. Key hardware includes:

*   **Receipt Printers**: Crucial for providing proof of legal purchase, which is vital in the cannabis industry. Receipts must often include specific information such as 'Keep out of reach of children' warnings, delayed onset warnings, and other state-mandated disclosures. ([Star Micronics Blog](https://starmicronics.com/blog/cannabis-pos-hardware/?srsltid=AfmBOooW1-cuVQ42SaFgOPNSe6rg7INMsCdhEq44b265Pth6dxSAz5o), [Cova Software Blog](https://www.covasoftware.com/blog/cannabis-pos-hardware))
*   **Barcode Scanners**: Essential for quick and accurate item scanning at checkout and for inventory management. They help prevent manual input errors, which can lead to compliance infractions. ([Cova Software Blog](https://www.covasoftware.com/blog/cannabis-pos-hardware))
*   **Cash Drawers**: Given that the cannabis industry is largely cash-dominant due to federal banking regulations, reliable, high-volume cash drawers are a necessity. Security regulations in many states often include requirements for cash drawers, safes, or lockboxes. ([Star Micronics Blog](https://starmicronics.com/blog/cannabis-pos-hardware/?srsltid=AfmBOooW1-cuVQ42SaFgOPNSe6rg7INMsCdhEq44b265Pth6dxSAz5o), [Cova Software Blog](https://www.covasoftware.com/blog/cannabis-pos-hardware))
*   **Tablets**: Increasingly preferred over traditional desktop units for their streamlined aesthetics, space-saving design, and operational efficiency. They enable budtenders to assist customers directly on the sales floor, enhancing the customer experience. ([Cova Software Blog](https://www.covasoftware.com/blog/cannabis-pos-hardware))
*   **Tablet Mounts and Stands**: Used to strategically place touchscreen menu kiosks, improving customer experience and privacy. ([Cova Software Blog](https://www.covasoftware.com/blog/cannabis-pos-hardware))
*   **Label Printers**: Important for seed-to-sale tracking, a key regulatory requirement in cannabis. Labels may need to include official, state-required universal symbols. The necessity for retailers to print labels themselves can vary by state; for example, in Colorado, retailers must ensure products comply with THC labeling requirements. ([Star Micronics Blog](https://starmicronics.com/blog/cannabis-pos-hardware/?srsltid=AfmBOooW1-cuVQ42SaFgOPNSe6rg7INMsCdhEq44b265Pth6dxSAz5o), [Cova Software Blog](https://www.covasoftware.com/blog/cannabis-pos-hardware))
*   **Scales**: Critical for accurate product weighing, especially for flower. Scales must be NTEP-certified and legal for use in the specific state. Integration with the POS system is highly recommended to reduce human error. In some states like California and Washington, where only pre-packaged flower is sold, scales might not be needed at the checkout counter. ([Star Micronics Blog](https://starmicronics.com/blog/cannabis-pos-hardware/?srsltid=AfmBOooW1-cuVQ42SaFgOPNSe6rg7INMsCdhEq44b265Pth6dxSAz5o), [Cova Software Blog](https://www.covasoftware.com/blog/cannabis-pos-hardware))

While specific hardware requirements for Michigan and Illinois were not explicitly detailed in the provided sources beyond general cannabis POS needs, the overarching themes of compliance, seed-to-sale tracking, and cash-dominant operations apply to these regulated markets. POS systems and associated hardware must be fully integrated to ensure compliance and efficient operations. Vendors like Cova Software and Flowhub offer cannabis-specific POS solutions tailored for Michigan and Illinois, implying their hardware recommendations would align with state regulations. ([Cova Software - Illinois](https://www.covasoftware.com/pos/illinois), [Flowhub - Michigan](https://www.flowhub.com/markets/michigan))","- **Vendor Blog**: Star Micronics Blog, ""The Ultimate List of Must-Have Cannabis POS Hardware"" [https://starmicronics.com/blog/cannabis-pos-hardware/?srsltid=AfmBOooW1-cuVQ42SaFgOPNSe6rg7INMsCdhEq44b265Pth6dxSAz5o]
- **Vendor Blog**: Cova Software Blog, ""5 Must-Have Hardware Components for Every Cannabis Retailer"" [https://www.covasoftware.com/blog/cannabis-pos-hardware]
- **Vendor Page**: Cova Software, ""Illinois Dispensary POS & Inventory Management"" [https://www.covasoftware.com/pos/illinois]
- **Vendor Page**: Flowhub, ""Michigan Cannabis Dispensary POS Software"" [https://www.flowhub.com/markets/michigan]","Star Micronics Blog: November 19, 2019 (original post date), unknown for currentness.
Cova Software Blog: January 7, 2020 (original post date), last updated October 20, 2022.
Cova Software - Illinois: Unknown.
Flowhub - Michigan: Unknown.","Medium. The findings are based on vendor blogs and product pages, which provide good general information on cannabis POS hardware. However, specific, detailed regulatory requirements for Michigan and Illinois regarding each hardware component were not explicitly found in these sources. The information is current as of the last update date for the Cova blog, but the Star Micronics blog is older.","- Specific, detailed hardware requirements mandated by Michigan and Illinois cannabis regulatory bodies.
- Official government sources or regulatory documents outlining required POS hardware.
- Market share or prevalence of specific hardware types/brands in Michigan and Illinois dispensaries.
- Cost ranges for each hardware component beyond general estimates.","For Tend-O-Matic entering Michigan and Illinois, the POS system must be designed to seamlessly integrate with and support a range of essential hardware components. This includes:

*   **Robust Receipt Printing**: The POS must be capable of customizing receipt templates to include all state-mandated warnings and information for both Michigan and Illinois, ensuring compliance with local regulations.
*   **Integrated Barcode Scanning**: The system should fully support barcode scanners for efficient checkout and accurate inventory management, minimizing manual data entry errors that could lead to compliance issues.
*   **Cash Handling Solutions**: Given the cash-heavy nature of the industry, Tend-O-Matic's POS should integrate with secure, high-capacity cash drawers and potentially offer features to manage cash reconciliation and reporting effectively.
*   **Tablet-Optimized Interface**: Developing a POS interface that is optimized for tablets will enhance operational efficiency and improve the customer experience by allowing budtenders to engage with customers on the sales floor.
*   **Flexible Label Printing**: The POS needs to support various label printers and offer customization options for labels to comply with Michigan and Illinois' specific seed-to-sale tracking and product labeling requirements. This includes accommodating state-required universal symbols.
*   **NTEP-Certified Scale Integration**: Tend-O-Matic must ensure its POS integrates with NTEP-certified scales that are approved for use in Michigan and Illinois, facilitating accurate and compliant product weighing at the point of sale.

Operations should include a clear hardware compatibility matrix and recommendations for dispensaries in each state. Monitoring should involve tracking regulatory updates related to POS hardware requirements in Michigan and Illinois to ensure continuous compliance.",
D3,D3,"What are the incumbent cannabis POS pain points, especially concerning compliance, Metrc sync, speed, inventory, payments, offline mode, and support, for dispensaries operating in Michigan and Illinois?","Incumbent cannabis Point-of-Sale (POS) systems in Michigan and Illinois face several pain points, primarily centered around **compliance**, **Metrc synchronization**, **inventory management**, and **data integrity**.

**Compliance and Metrc Sync Pain Points:**

*   **Manual Data Entry and Human Error**: Without proper integration, staff often have to enter the same information twice into their internal POS/ERP systems and then again into Metrc. This duplicate record-keeping is labor-intensive, time-consuming, and significantly increases the risk of reporting mistakes and compliance errors [https://www.metrc.com/how-pos-and-erp-systems-integrate-with-metrc/]. The Metrc system tracks cannabis from seed through sale for regulatory agencies, making accurate and timely reporting critical [https://www.metrc.com/how-pos-and-erp-systems-integrate-with-metrc/].
*   **Evolving and State-Specific Regulations**: Cannabis compliance is a constantly evolving process with different requirements across states like Michigan and Illinois. Staying on top of fluctuating changes and policies is tricky, and a lack of proactive compliance can lead to costly disruptions [https://business.dutchie.com/post/10-common-compliance-mistakes-how-to-avoid-them].
*   **ID Verification and Privacy Concerns**: Mistakenly accepting fake IDs is a significant compliance issue. While some POS systems offer built-in ID scanners, these can introduce privacy risks if customer records are automatically saved. It is crucial for POS systems to have an option to *not* save customer records when scanning IDs to avoid privacy infractions [https://business.dutchie.com/post/10-common-compliance-mistakes-how-to-avoid-them].
*   **Lack of Real-time Reporting**: Illinois law requires cannabis retailers to have an inventory control and POS system that is real-time, web-based, and accessible by the state at any time. Dispensaries must conduct daily inventory reconciliation to ensure physical inventory matches the state's verification system. Systems that do not offer automated, real-time reporting can lead to considerable time and money spent on manual reporting, with one vendor claiming their clients save an average of 50 hours monthly by automating this process [https://www.covasoftware.com/blog/illinois-cannabis-retail-compliance].

**Inventory Management Pain Points:**

*   **Inconsistency in Auditing**: Maintaining consistent inventory auditing practices is essential. Inconsistencies can arise, and a lack of peer review or proper tracking can lead to discrepancies [https://business.dutchie.com/post/10-common-compliance-mistakes-how-to-avoid-them]. Human errors, mislabeling, and mis-scanning are common issues in cannabis operations that can lead to inventory adjustments [https://www.distru.com/cannabis-blog/understanding-cannabis-inventory-adjustments-key-reasons].
*   **Unorganized Documentation**: A lack of organized and redundant documentation for inventory records and transaction histories can lead to significant issues, including civil and/or criminal penalties if information is lost or privacy is violated. Relying on a single individual for documentation management can be problematic if that person leaves the company [https://business.dutchie.com/post/10-common-compliance-mistakes-how-to-avoid-them].

**Other Pain Points (Speed, Payments, Support, Offline Mode):**

*   **Speed**: While not explicitly detailed as a pain point in the provided articles, the emphasis on streamlining operations and expediting check-in processes through integrated POS systems [https://www.metrc.com/how-pos-and-erp-systems-integrate-with-metrc/, https://www.covasoftware.com/blog/illinois-cannabis-retail-compliance] suggests that slow transaction speeds or inefficient workflows are underlying issues that integrated solutions aim to resolve.
*   **Payments**: Payment processing remains a fragile point in the cannabis industry, with reports of interrupted processing impacting thousands of dispensaries nationwide. Issues like cashless ATM outages can prevent debit-style transactions, highlighting the need for robust and reliable payment solutions [https://loanviser.com/cannabis-payment-processing/cannabis-payment-processing-disruption-march-2026-what-dispensaries-need-to-know-about-the-cashless-atm-outage/]. Slow payment and no payment issues are also endemic in Michigan's cannabis industry, impacting retailers [https://www.cannabis-law-blog.com/michigan-house-looks-to-solve-cannabis-industry-issues-addressing-payment-defaults-and-hemp-regulation/].
*   **Offline Mode**: The requirement for POS systems to be real-time and web-based for state accessibility in Illinois [https://www.covasoftware.com/blog/illinois-cannabis-retail-compliance] implies that a lack of reliable offline functionality could be a significant pain point, leading to compliance issues or operational halts during internet disruptions. However, specific pain points related to 'offline mode' were not explicitly detailed in the reviewed sources.
*   **Support**: Untrained staff and a lack of clear Standard Operating Procedures (SOPs) contribute to compliance issues. This suggests that inadequate support and training from POS providers or internal management are pain points, as employees need to be well-versed in regulations and system usage to avoid fines and operational errors [https://business.dutchie.com/post/10-common-compliance-mistakes-how-to-avoid-them]. Metrc itself maintains a dedicated support team to assist integrators, indicating the complexity of the integration process [https://www.metrc.com/how-pos-and-erp-systems-integrate-with-metrc/].","*   **Official Vendor Documentation**
    *   ""POS & ERP Integration with Cannabis Tracking | Metrc"" [https://www.metrc.com/how-pos-and-erp-systems-integrate-with-metrc/](https://www.metrc.com/how-pos-and-erp-systems-integrate-with-metrc/)
*   **Industry Articles/Blogs**
    *   ""8 common cannabis compliance mistakes to avoid • Dutchie"" [https://business.dutchie.com/post/10-common-compliance-mistakes-how-to-avoid-them](https://business.dutchie.com/post/10-common-compliance-mistakes-how-to-avoid-them)
    *   ""Illinois Cannabis Retail Compliance Q & A: Top 5 Dispensary Questions Answered"" [https://www.covasoftware.com/blog/illinois-cannabis-retail-compliance](https://www.covasoftware.com/blog/illinois-cannabis-retail-compliance)","Metrc article: October 2, 2025
Dutchie article: Published September 1, 2021, Last Updated October 3, 2022
Cova Software article: Published August 26, 2019, Last Updated October 3, 2022","High. Findings are based on official vendor documentation (Metrc) and industry-specific articles (Dutchie, Cova Software) that directly address the specified pain points. Dates are provided where available, and the information is current as of the last update dates of the articles.","*   Specific, quantifiable data on the frequency and impact of each pain point (e.g., average time lost due to manual Metrc entry, financial penalties for compliance errors).
*   Detailed information on specific payment processing pain points beyond general disruptions, such as chargeback rates or specific bank reluctance.
*   Direct testimonials or case studies from Michigan and Illinois dispensaries explicitly detailing their pain points with incumbent POS systems.
*   Specific challenges related to 'offline mode' functionality and its impact on compliance or sales in Michigan and Illinois were not explicitly detailed in the reviewed sources.","For Tend-O-Matic entering Michigan and Illinois, addressing incumbent POS pain points is crucial for market penetration and competitive advantage.

*   **Compliance & Metrc Sync**: Tend-O-Matic must offer robust, real-time, and automated Metrc integration to eliminate manual data entry and reduce human error. This includes seamless reporting of sales, inventory changes, and patient purchase limits. The system should be designed to handle state-specific compliance nuances in both Michigan and Illinois, including automatic conversion of product equivalencies and real-time alerts for purchase limit violations. Leveraging Metrc Connect (v2) API endpoints is essential for efficient and accurate data exchange.
*   **Inventory Management**: The system should provide advanced inventory management features that go beyond basic tracking, offering tools for efficient auditing, discrepancy resolution, and preventing mislabeling or mis-scanning. It should support a unified dataset that integrates compliance, production, and financial data.
*   **Privacy & ID Verification**: Implement secure ID scanning with an explicit option to *not* save customer data automatically, addressing privacy concerns. Ensure data encryption and compliance with privacy regulations (e.g., SOC 2 certification).
*   **Speed & Efficiency**: Automate as many compliance and operational tasks as possible to improve transaction speed and overall dispensary efficiency, reducing labor costs and improving customer experience.
*   **Offline Mode**: While not explicitly detailed as a pain point in the reviewed articles, the importance of real-time, web-based systems for state accessibility implies a need for robust offline capabilities to prevent operational disruption during internet outages, ensuring sales and compliance data can be reconciled once connectivity is restored.
*   **Support & Training**: Provide comprehensive training and responsive support to help dispensaries navigate complex and evolving regulations. The system should simplify compliance, making it accessible even for untrained staff, and facilitate organized documentation.",
M1,M1,"What are the official regulatory monitoring sources for Michigan, Illinois, and federal cannabis/hemp/tax/banking?","### Michigan Regulatory Monitoring

The primary regulatory body for cannabis in Michigan is the **Cannabis Regulatory Agency (CRA)** [1]. The CRA oversees all aspects of the state's cannabis industry, including facilities and licensees. Michigan utilizes **Metrc** as its official statewide monitoring system for seed-to-sale tracking, inventory management, and verification of cannabis and cannabis products [2]. Metrc offers an Open API, known as Metrc Connect, designed to facilitate integration with various cannabis inventory tracking and point-of-sale (POS) systems, thereby streamlining compliance reporting and minimizing manual data entry [3]. The CRA website also provides access to key legislative documents, such as the **Marihuana Tracking Act (Act 282 of 2016)**, which mandates a statewide monitoring system for commercial cannabis trade and compliance [4]. Metrc regularly publishes bulletins for Michigan licensees, with recent updates as of December 2025 [2].

### Illinois Regulatory Monitoring

In Illinois, the **Cannabis Regulation Oversight Office (CROO)** is responsible for coordinating regulatory efforts across various state agencies involved in the cannabis industry [5]. Similar to Michigan, Illinois has implemented **Metrc** for its seed-to-sale tracking system [6]. The CROO website provides comprehensive information on the state's cannabis framework, including the **Cannabis Regulation and Tax Act (CRTA)**, which legalizes adult-use cannabis, and the **Compassionate Use of Medical Cannabis Program Act** [7]. Additionally, the CROO website details administrative rules enforced by the Illinois Department of Agriculture (IDOA) and the Illinois Department of Financial and Professional Regulation (IDFPR). These rules cover a broad spectrum of operational requirements, including definitions, licensing procedures, security protocols, inventory control systems, recordkeeping, and enforcement mechanisms for both adult-use and medical cannabis businesses [7].

### Federal Regulatory Monitoring

At the federal level, several agencies play a role in the regulation and monitoring of cannabis and hemp, although cannabis remains federally illegal under the Controlled Substances Act (CSA). The **Food and Drug Administration (FDA)**, through its Cannabis Product Committee (CPC), develops strategies and policies for cannabis products. The FDA has explicitly stated that existing regulatory frameworks for foods and supplements are not suitable for cannabidiol (CBD) and has issued numerous warning letters to companies illegally marketing CBD and Delta-8 THC products [8]. The **Drug Enforcement Administration (DEA)** continues to classify marijuana as a Schedule I controlled substance under the CSA and operates a Domestic Cannabis Suppression / Eradication Program [9]. For hemp, the **United States Department of Agriculture (USDA)** is the primary federal agency responsible for regulating its production, as outlined in the 2018 Farm Bill. The USDA provides guidance and programs for hemp growers, ensuring compliance with federal guidelines [10]. However, federal tax and banking regulations specifically for cannabis businesses remain complex and often require navigation through a patchwork of state and federal laws.","## Michigan
*   [Cannabis Regulatory Agency - State of Michigan](https://www.michigan.gov/cra)
*   [Michigan Cannabis Seed-to-Sale Tracking System | Metrc](https://www.metrc.com/partner/michigan/)
*   [MCL - Act 282 of 2016 - Michigan Legislature](https://www.legislature.mi.gov/Laws/MCL?objectName=MCL-ACT-282-OF-2016)

## Illinois
*   [Cannabis Regulation Oversight Office - Illinois.gov](https://cannabis.illinois.gov/)
*   [Laws and Regulations - Cannabis Regulation Oversight Office](https://cannabis.illinois.gov/legal-and-enforcement/laws-and-regulations.html)

## Federal
*   [FDA Regulation of Cannabis and Cannabis-Derived Products, Including Cannabidiol (CBD) | FDA](https://www.fda.gov/news-events/public-health-focus/fda-regulation-cannabis-and-cannabis-derived-products-including-cannabidiol-cbd)
*   [Domestic Cannabis Suppression / Eradication Program](https://www.dea.gov/operations/eradication-program)
*   [Hemp and Eligibility for USDA Programs](https://www.farmers.gov/your-business/row-crops/hemp)","Michigan Metrc Bulletins: December 5, 2025, October 28, 2025, October 22, 2025, August 29, 2025, August 25, 2025, August 20, 2025, July 21, 2025, July 25, 2025 [2]. Michigan Marihuana Tracking Act: Effective December 20, 2016 [4]. FDA News Releases: July 16, 2024, July 5, 2023, January 2023, November 2022, May 2022 [8]. 2018 Farm Bill: Signed into law December 20, 2018 [8].","High. Information gathered from official state and federal government websites, and Metrc's official website. Dates are provided where available.","*   Specific technical architecture details of Metrc's monitoring system beyond the existence of an Open API.
*   Direct links to comprehensive federal tax and banking regulations specifically for cannabis.
*   The full text of the Michigan Marihuana Rules (PDF) could not be extracted due to download and parsing issues.","For a cannabis POS/compliance SaaS entering Michigan first and Illinois second, robust integration with Metrc is paramount for seed-to-sale tracking and compliance reporting in both states. The Metrc Open API should be leveraged to automate data exchange and minimize manual input, directly addressing compliance requirements. Continuous monitoring of state-specific regulatory agency websites (Michigan CRA, Illinois CROO) and Metrc bulletins is crucial for staying updated on rule changes and reporting adjustments. The SaaS solution should be designed with flexibility to quickly adapt to evolving state and federal regulations, especially concerning product definitions (e.g., hemp vs. marijuana), testing, packaging, and labeling. Given the FDA's stance on CBD and Delta-8 THC products, the POS system must ensure that product categorization and sales comply with both state and federal guidelines to avoid legal issues. The system should also incorporate features that align with the detailed operational, security, and recordkeeping requirements outlined in Illinois' administrative rules, such as inventory control, storage, and recall procedures.",
M2,M2,"What are the technical monitoring architecture components required for regulatory pages, RSS/email/newsletter capture, diffing, evidence retention, human review queue, and rules-engine change control in the context of cannabis POS/compliance SaaS?",,"*   **Vendor/Industry Blogs:**
    *   Compliance & Risks: ""The Blueprint for Resilience: Designing Your Enterprise Compliance Technology Architecture"" [https://www.complianceandrisks.com/blog/the-blueprint-for-resilience-designing-your-enterprise-compliance-technology-architecture/]
    *   SecureSlate: ""10 Best Compliance Monitoring Tools to Ensure Regulatory Readiness"" [https://getsecureslate.com/blog/10-best-compliance-monitoring-tools-to-ensure-regulatory-readiness]
    *   Promise Legal: ""API‑First, Compliant AI Workflows for Monitoring Government & Regulatory Documents (With Audit‑Ready Provenance)"" [https://blog.promise.legal/api-first-compliant-ai-workflows-for-monitoring-government-amp-regulatory-documents-with-audit-ready-provenance/]
    *   Sakara Digital: ""How to Build an AI Change Control Process in Regulated Systems"" [https://sakaradigital.com/blog/ai-change-control-regulated-systems/]","February 28, 2026 (Compliance & Risks blog post) [https://www.complianceandrisks.com/blog/the-blueprint-for-resilience-designing-your-enterprise-compliance-technology-architecture/]
January 3, 2026 (SecureSlate blog post) [https://getsecureslate.com/blog/10-best-compliance-monitoring-tools-to-ensure-regulatory-readiness]
February 24, 2026 (Promise Legal blog post) [https://blog.promise.legal/api-first-compliant-ai-workflows-for-monitoring-government-amp-regulatory-documents-with-audit-ready-provenance/]
May 6, 2026 (Sakara Digital blog post) [https://sakaradigital.com/blog/ai-change-control-regulated-systems/]","High. The information gathered from the provided sources directly addresses the components of technical monitoring architecture for regulatory compliance, including specific mechanisms like diffing, evidence retention, human review, and change control. The sources are recent and authoritative.","None. The provided sources offer comprehensive insights into the requested technical monitoring architecture components, directly addressing all aspects of the research question.","For Tend-O-Matic, entering the Michigan and Illinois cannabis POS/compliance SaaS market, a robust technical monitoring architecture is crucial for maintaining compliance and providing audit-ready evidence. Key implications include:

*   **Regulatory Page Monitoring & Diffing:** Implement an API-first ingestion pipeline for regulatory sources, prioritizing official APIs or licensed feeds over scraping. This pipeline should include a 'connector per source' for isolation, a queue and workers for throttling and scalability, and a 'raw capture store' to preserve original payloads. Versioned parsers are essential to convert data into a stable internal schema, and a 'monitoring + review queue' is needed for alerts on freshness/drift and human validation for high-stakes sources. The system must handle rate limits and CAPTCHAs compliantly, with an operational playbook for error handling and escalation.
*   **RSS/Email/Newsletter Capture:** Integrate capabilities to capture regulatory updates from various digital channels. This falls under 'Regulatory Intelligence and Horizon Scanning,' which requires consuming, interpreting, and disseminating regulatory updates in a structured, actionable format. This includes API-driven content feeds and structured data/taxonomy.
*   **Evidence Retention:** Implement a 'raw capture store' that writes the original payload 'as received' (immutable-ish) before parsing. This is critical for audit-ready provenance. The system must maintain a minimum viable audit log schema, including source identifier, access method, request timestamp, response status, content checksum/hash, parser/version, and retention tag. Chain-of-custody design choices should include storing raw payloads unchanged, separating raw vs. derived data, and versioning everything to prove integrity and reproduce summaries.
*   **Human Review Queue:** Incorporate a 'monitoring + review queue' as part of the ingestion pipeline for human validation, especially for high-stakes regulatory sources. This aligns with the concept of 'human-in-the-loop retrieval' for compliant mitigation of access issues.
*   **Rules-Engine Change Control:** Develop an AI-aware change control process that goes beyond traditional software. This must account for explicit changes, model retraining events, vendor model updates, data/operational drift, configuration/prompt changes, and infrastructure changes. Define clear change triggers (e.g., drift threshold exceeded, vendor change notification) and an impact assessment process that considers the 'behavioral envelope' of the system. Implement approval paths that scale with impact and risk, and ensure robust documentation and behavioral comparison against stable benchmarks for post-change verification. This is vital for maintaining the validated state of compliance rules and models.

By adopting these architectural components, Tend-O-Matic can ensure continuous, proactive compliance, reduce manual effort, and provide defensible evidence to regulators in the dynamic cannabis market.",
M3,M3,"What is Metrc's approach to system status and API change monitoring, and how can integrators track these changes?","Metrc provides an **Open API** for integration with cannabis inventory tracking and POS systems, aiming to minimize manual data entry [1]. The enhanced **Metrc Connect API** offers more robust and efficient interactions, including features like more robust endpoints, self-service access to a web-based data insights driven portal, **enhanced monitoring through real-time dashboard views and notifications**, self-generated vendor API keys, and **webhooks subscriptions** [2].

For **API change monitoring**, Metrc states that ""Rule and reporting adjustments can be quickly incorporated into the software without costly change fees or down time,"" implying an adaptable system [1]. The 'Custom' tier of Metrc Connect offers **early access to new features and endpoints** and **dedicated API Support and Account Management**, which would be critical for staying informed about and adapting to API changes [2].

Integrators can track data changes using the **`LastModified` field** available on most data via the API. By regularly querying for changes within a specific timeframe (e.g., last 1 hour and 5 minutes), software can stay up-to-date with all data modifications [3]. Metrc also implements **rate limiting** to monitor API calls, with a support bulletin from July 31, 2020, indicating its implementation [4]. Integrators should be prepared to handle `429 Too Many Requests` and `413 Content Too Large` server responses [3].

Regarding **system status monitoring**, while Metrc's official website does not feature a dedicated real-time status page, third-party services like Downdetector and Entireweb report ""no current problems"" or ""no major service disruptions or outages in recent history"" for Metrc [5, 6]. However, industry resources acknowledge that Metrc outages do occur, and integrators need to have strategies for managing them [7]. The enhanced monitoring features and real-time dashboard views within Metrc Connect are designed to provide integrators with better visibility into system performance [2]. Metrc also announced an enhanced Data Import feature on August 30, 2024, to improve CSV uploads and streamline workflows [8].

**Sources:**
[1] [Open API | Metrc's Track and Trace Technology](https://www.metrc.com/track-and-trace-technology/open-api/)
[2] [Metrc Connect API for Cannabis Integrations](https://www.metrc.com/track-and-trace-technology/metrc-connect/)
[3] [Web API Documentation (api-or.metrc.com)](https://api-or.metrc.com/Documentation)
[4] [Metrc Support Bulletin (Rate Limiting Update)](https://www.metrc.com/wp-content/uploads/2021/12/MA_IB_027_7.31_20_Rate-Limiting-Update.pdf)
[5] [Metrc down? Current problems and outages - US (Downdetector)](https://downdetector.com/status/metrc/)
[6] [Is Metrc Down Right Now? Live Status, Outages & Service ... (Entireweb)](https://www.entireweb.com/status/metrc)
[7] [Managing Metrc Outages (Flourish Software)](https://www.flourishsoftware.com/metrc-outages-issues)
[8] [Metrc Data Import Feature for Faster CSV Uploads](https://www.metrc.com/enhancing-efficiency-with-metrcs-enhanced-data-import-feature/)","- **Official Metrc Documentation:**
    - [Open API | Metrc's Track and Trace Technology](https://www.metrc.com/track-and-trace-technology/open-api/)
    - [Metrc Connect API for Cannabis Integrations](https://www.metrc.com/track-and-trace-technology/metrc-connect/)
    - [Web API Documentation (api-or.metrc.com)](https://api-or.metrc.com/Documentation)
    - [Metrc Support Bulletin (Rate Limiting Update)](https://www.metrc.com/wp-content/uploads/2021/12/MA_IB_027_7.31_20_Rate-Limiting-Update.pdf)
    - [Metrc Data Import Feature for Faster CSV Uploads](https://www.metrc.com/enhancing-efficiency-with-metrcs-enhanced-data-import-feature/)
- **Third-Party Status Monitoring:**
    - [Metrc down? Current problems and outages - US (Downdetector)](https://downdetector.com/status/metrc/)
    - [Is Metrc Down Right Now? Live Status, Outages & Service ... (Entireweb)](https://www.entireweb.com/status/metrc)
- **Industry Resources:**
    - [Managing Metrc Outages (Flourish Software)](https://www.flourishsoftware.com/metrc-outages-issues)","Metrc API documentation: Unknown. Metrc Connect launch: Unknown. Rate Limiting Bulletin: July 31, 2020. Metrc Data Import Feature: August 30, 2024. Downdetector/Entireweb status: Current (as of May 14, 2026).","High. Information gathered directly from Metrc's official website and API documentation, as well as third-party status monitoring sites. Dates for API documentation are unknown, but the content appears current.","- Specific details on the frequency and communication channels for API changes beyond the 'Custom' Metrc Connect tier's 'early access to new features and endpoints' and 'Expanded API Support access'.
- The exact nature and availability of 'real-time dashboard views and notifications' and 'webhooks subscriptions' within Metrc Connect's different tiers.
- A centralized, official Metrc system status page that provides real-time updates on outages or performance issues, rather than relying on third-party aggregators.","For Tend-O-Matic, robust monitoring of Metrc's API is crucial. The 'Last Modified Filter Range' should be actively utilized to ensure real-time data synchronization and compliance. Implementing a system to monitor Metrc's system status (e.g., by regularly checking public status pages or integrating with Metrc Connect's enhanced monitoring features) is essential to proactively manage potential outages and minimize operational disruption for Michigan and Illinois dispensaries. The 'Custom' tier of Metrc Connect, offering early access to new features, sandbox access, and dedicated API support, should be considered for Tend-O-Matic to stay ahead of API changes and ensure seamless integration. Tend-O-Matic should also build in mechanisms to handle API rate limits (429 errors) and content size limits (413 errors) to maintain uninterrupted data flow. Given the mention of webhooks subscriptions in Metrc Connect, Tend-O-Matic should explore leveraging these for real-time notifications of critical events or data changes, reducing the need for constant polling.",
M4,M4,"This research addresses the compliance audit evidence model for Point-of-Sale (POS) actions, including overrides, limits, taxes, IDs, voids/returns, recalls, and rule-version attribution, for cannabis retail operations in Michigan and Illinois.","### Michigan

The Michigan Cannabis Regulatory Agency (CRA) emphasizes robust internal controls and record-keeping for licensees. The ""Michigan CRA Compliance Best Practice Guide"" [1], updated March 2026, outlines several areas relevant to POS audit evidence. Licensees are subject to unannounced semi-annual inspections and are encouraged to conduct self-inspections, necessitating that all POS data and associated audit trails be readily accessible and verifiable during these inspections. Standard Operating Procedures (SOPs) are critical for defining responsible roles, detailed steps, and controls, such as audits or observation of staff performance. This suggests that POS actions, especially those involving overrides or adjustments, should be linked to documented SOPs and employee training. Comprehensive recordkeeping is mandated, including records related to sales, inventory, and Metrc, with on-site staff required to access both Metrc and video surveillance. This highlights the need for POS systems to generate detailed, immutable transaction logs that can be easily accessed and cross-referenced with Metrc data and video evidence. The guide also addresses refund/return policies, administrative recalls in Metrc, and the handling of recalled packages, indicating that POS systems must have clear functionalities for processing these transactions, preventing the sale of recalled products, and documenting their disposition. Furthermore, the guide covers inventory adjustment reasons, shipping/facility inventory errors, and correcting inaccurate sales, necessitating POS functionality that allows for adjustments with clear attribution, reason codes, and a documented workflow for corrections, potentially involving Metrc support tickets. While not explicitly detailed, the mention of purchasing limits implies that POS systems must enforce these limits at the point of sale and record compliance.

### Illinois

The Illinois Cannabis Regulation and Tax Act [2], effective June 25, 2019, and last amended August 9, 2024, provides a legal framework that mandates specific recordkeeping and compliance measures relevant to POS audit evidence. Section 65-36(a) mandates that every cannabis retailer ""shall keep complete and accurate records of cannabis held, purchased, sold, or otherwise disposed of, and shall preserve and keep all invoices, bills of lading, sales records, and copies of bills of sale, returns, and other pertinent papers and documents relating to the purchase, sale, or disposition of cannabis."" These records must be maintained in Illinois, and original invoices for purchases must be retained on licensed premises for 90 days. Section 65-36(b) further states that ""Books, records, papers, and documents that are required by this Article to be kept shall, at all times during the usual business hours of the day, be subject to inspection by the Department or its duly authorized agents and employees,"" emphasizing the need for readily accessible and auditable POS records. Severe penalties, including Class 4 and Class 3 felonies, are outlined in Section 65-38 for failing to file returns, making fraudulent returns, or failing to keep complete and accurate records, underscoring the critical importance of robust POS systems that ensure data integrity and proper record generation. The Act also provides granular definitions in Section 65-38 for ""Transaction data,"" which includes ""items purchased by a purchaser; the price of each item; a taxability determination for each item; a segregated tax amount for each taxed item; the amount of cash or credit tendered; the net amount returned to the customer in change; the date and time of the purchase; the name, address, and identification number of the vendor; and the receipt or invoice number of the transaction."" It also defines ""Electronic cash register"" as a device that records transaction data for processing retail sales, directly specifying the granular data points a POS system must capture for audit purposes, including details for taxes, IDs, and transaction types. Finally, Section 65-38 explicitly prohibits and penalizes the use of ""automated sales suppression device,"" ""zapper,"" or ""phantom-ware,"" highlighting the regulatory focus on the integrity and immutability of POS transaction data.

### Vendor Perspective (Cova Software)

Cova Software's article, ""Mastering POS Void & Refund Workflow for Compliance"" [3], published April 8, 2026, provides insights into how a POS vendor addresses compliance audit evidence. The article emphasizes the importance of pre-set, easy-to-understand **void reason codes** for transaction cancellations and adjustments, which are crucial for clean compliance records and easier audits, helping to identify patterns, training gaps, and suspicious activity. For refunds, manager approval is highlighted as a critical control, attributing responsibility and ensuring proper oversight. POS systems should allow for granular permissions, authentication, strong passwords, and data encryption to control who can issue refunds or void sales, with every action logged to create a ""bulletproof audit trail"" [3]. Well-defined SOPs for processing voids and refunds, including approval steps and note-logging, are critical, and when linked with POS automation, SOPs enhance compliance reporting. Real-time, two-way integration with state track-and-trace programs (e.g., Metrc) is vital for real-time reporting and avoiding discrepancies, with each refund or void instantly updating inventory counts and linking to the POS and state system. Automatic inventory reconciliation is necessary, and tools should flag variances between physical and recorded inventory. The article also distinguishes between voiding a transaction before settlement and processing a refund after settlement, noting that voids are generally simpler and cheaper.","*   [1] Michigan Cannabis Regulatory Agency. ""Michigan CRA Compliance Best Practice Guide."" Updated March 2026. [https://www.michigan.gov/cra/-/media/Project/Websites/cra/bulletin/4Tips-for-Licensees/Best-Practices-2-23-2023.pdf](https://www.michigan.gov/cra/-/media/Project/Websites/cra/bulletin/4Tips-for-Licensees/Best-Practices-2-23-2023.pdf)
*   [2] Illinois General Assembly. ""Cannabis Regulation and Tax Act."" Public Act 101-27, effective June 25, 2019; last amended by Public Act 103-1001, effective August 9, 2024. [https://www.ilga.gov/legislation/ILCS/details?ActID=3992&ActName=Cannabis+Regulation+and+Tax+Act.&ChapterID=35](https://www.ilga.gov/legislation/ILCS/details?ActID=3992&ActName=Cannabis+Regulation+and+Tax+Act.&ChapterID=35)
*   [3] Cova Software. ""Mastering POS Void & Refund Workflow for Compliance."" April 8, 2026. [https://www.covasoftware.com/cova-insights/mastering-pos-void-refund-workflow-for-compliance](https://www.covasoftware.com/cova-insights/mastering-pos-void-refund-workflow-for-compliance)","*   **Michigan CRA Compliance Best Practice Guide:** Updated March 2026.
*   **Illinois Cannabis Regulation and Tax Act:** Public Act 101-27, effective June 25, 2019; last amended by Public Act 103-1001, effective August 9, 2024.
*   **Cova Software Article:** April 8, 2026.","High. The findings are based on official state regulatory documents for Michigan and Illinois, and a recent, relevant industry vendor article. The information directly addresses the components of a compliance audit evidence model for POS actions.","*   Specific, detailed regulatory guidance from Michigan on the exact data points required for POS audit trails beyond general recordkeeping and Metrc integration. The Michigan guide focuses more on best practices and general compliance rather than granular data requirements for POS systems.
*   Explicit regulatory requirements for rule-version attribution in POS systems for both states. While the need for compliance with current rules is implicit, specific mandates for tracking which rule version applied to a transaction at a given time were not found.
*   Detailed examples of audit reports or logs expected by regulators in either state.","For Tend-O-Matic, a cannabis POS/compliance SaaS entering Michigan first and Illinois second, the following implications are critical:

The POS system must generate a comprehensive, immutable audit trail for all transactions and actions, including sales, voids, refunds, overrides, and inventory adjustments. This trail must capture all ""Transaction data"" elements defined in the Illinois Act (price, taxability, segregated tax amount, cash/credit tendered, change, date/time, vendor info, receipt/invoice number). The system must enforce the use of pre-set reason codes for voids, refunds, and adjustments, and support granular permissions, requiring manager approval for specific actions and logging the identity of the approving manager. Seamless, real-time two-way integration with Metrc is essential for both states, with the POS automatically syncing inventory changes resulting from sales, voids, and refunds, and providing clear links between POS transaction logs and Metrc package tags. Robust features for handling administrative recalls are necessary, identifying affected inventory, preventing its sale, and documenting its disposition or destruction with associated evidence (e.g., photos/videos as suggested by Michigan best practices). The POS architecture must be designed to prevent any tampering or falsification of electronic records, addressing the strict prohibitions against sales suppression devices in Illinois. While not explicitly mandated, implementing a system that tracks the specific regulatory rules active at the time of a transaction would be a strong competitive advantage, providing a clearer audit trail for compliance over time. Finally, the system must easily generate comprehensive reports and export data in formats suitable for regulatory inspections and audits, ensuring that all required records are readily accessible.",
